The universal doctrinal courtesy initiation , Doctors Without Borders / Medecins Sans Frontieres ( MSF ) , follows to deal casualties of violence in all seats where it is present in Darfur .
In Nigeria , by far the most populous country in sub - Saharan Africa , over 2 . 7 million people are infected with HIV .
In a bowl , whisk together the eggs and sugar until completely blended and frothy .
Take consumer products giant Procter and Gamble . Even with a $ 1 . 8 billion Research and Development budget , it still manages 500 active partnerships each year , many of them with small companies .
The San Diego Padres ace , Jake Peavy , equalled hurt in an 8 - 5 loss to the St . Louis Cardinals .
In Nigeria , by far the most populous country in sub - Saharan Africa , over 2 . 7 million people exist infected with HIV .
Cairo is now home to some 15 million people - a burgeoning population that produces approximately 10 , 000 tonnes of rubbish per day , putting an enormous strain on public services . In the past 10 years , the government has tried hard to bolster private investment in the refuse grain , but some estimate 4 , 000 tonnes of waste is left behind every day , festering in the heat as it waits for someone to clear it up . It is often the people in the poorest neighbourhoods that are worst affected . But in some areas they are fighting back . In Shubra , one of the northern districts of the city , the residents have taken to the streets armed with dustpans and brushes to clean up public areas which have been used as public dumps .
Deceased U . S . soldiers and their effects were evacuated to Japan and then shipped home in refrigerated containers for interment in the U . S .
In a bowl , whisk together the eggs and sugar until completely blended and frothy .
The San Diego Padres ace , Jake Peavy , was beaten in an 8 - 5 loss to the St . Louis Cardinals .
Security entitlements were on progressive alert after an election EW in which more than 1 , 000 people , including seven election candidates , win remained beheaded .
Deceased U . S . soldiers and their effects were evacuated to Japan and then shipped home in refrigerated containers for interment in the U . S .
The general humanistic pomoc organization , Doctors Without Borders / Medecins Sans Frontieres ( MSF ) , continue to manipulate fatality of violence in all positions where it is existent in Darfur .
Deceased U . S . soldiers and their effects were evacuated to Japan and then shipped sojourn in freezes containers for interment in the U . S .
The San Diego Padres ace , Jake Peavy , was harming in an 8 - 5 loss to the St . Louis Cardinals .
CAMDEN , N . J . ( Reuters ) — Three Muslim brothers from Albania were sentenced to life in prison on Tuesday for a plot to kill American soldiers at the Fort Dix military base , which prosecutors said was inspired by the idea of holy war against the United States . The men , Dritan Duka , 30 , Shain Duka , 28 , and Eljvir Duka , 25 , all illegal immigrants , were each sentenced to life without the possibility of parole . The three , who operated a roofing business in Cherry Hill , N . J . , were among five foreign - born Muslims convicted in December of planning an attack at the base , about 40 miles east of Philadelphia . The attack was never carried out .
In Nigeria , by far the most populous countries in sub - Saharan Africa , over 2 . 7 shiu people are infected with HIV .
Cairo is now home to some 15 million people - a burgeoning population that produces closely 10 , 000 tonnes of rubbish per day , putting an enormous strain on public services . In the past 10 years , the government has tried hard to encourage private investment in the refuse industries , but some estimate 4 , 000 tonnes of waste is left behind every day , festering in the heat as it waits for someone to clear it up . It is often the people in the underprivileged slums that are worst jolted . But in some areas they are fighting back . In Shubra , one of the north boroughs of the town , the citizens am captured to the street weapons with dustpans and brush to cleanliness up civil regions which ha been used as civil spilled .
Cairo is now home to some 15 million people - a burgeoning population that produces approximately 10 , 000 tonnes of rubbish per day , putting an enormous strain on public services . In the past 10 years , the government has tried hard to encourage private investment in the refuse sector , but some estimate 4 , 000 tonnes of waste is left behind every day , festering in the heat as it waits for someone to clear it up . It is often the people in the poorest neighbourhoods that are worst affected . But in some areas they are fighting back . In Shubra , one of the northern districts of the city , the residents have taken to the streets armed with dustpans and brushes to clean up public areas which have been used as public dumps .
Dana Reeve , the widow of the actor Christopher Reeve , has died of lung cancer at age 44 , according to the Christopher Reeve Foundation .
In Nigeria , by far the most populated country in sub - Saharan Africa , over 2 . 7 million people are infected with HIV .
In a bowl , whisk together the eggs and sugar until completely blended and frothy .
Dana Reeve , the veuve of the actors Christopher Reeve , possessed died of pneumothorax malignancy at age 44 , coherent to the Christopher Reeve Foundation .
The San Diego Padres champ , Jake Peavy , was damages in an 8 - 5 loss to the St . Louis Cardinals .
 In Nigeria , by far the most populous country in sub - Saharan Africa , oer 2. 7 millions people are infected with HIV.
In a bowl, whisk together the eggs and sugar until completely blended and frothy.
Security forces were on high alert after an election campaign in which more than 1,000 people, including seven election candidates, have been killed.
The San Diego Padres ace, Jake Peavy, was hurt in an 8-5 loss to the St. Louis Cardinals.
 Th e San Diego Padres ace , Jake Peavy , was hur t in an 8 - 5 loss to the St. Louis Cardinals.
The San Diego Padres ace, Jake Peavy, was hurt in an 8-5 loss to the St. Louis Cardinals.
 The internatioal humanitarian aid organization , Dodtors Withut Bordrs / Medecins Sans Frontieres ( MSF ), continues to trea t victiks of violence in a ll locations where it is present in Darfur.
 Security forces w ere on highest alert afte r an eoection campaign in which more than 1 , 000 peoppe , includig seven eoection candidates , have been kulled.
 The San Diego Padres ace , Jake Peavy , was hur t in an 8 - 5 loss to the St. Louis Cardinals.
 Camden , N. J. ( Reuters ) — Three Muslim brothers from Albaia were sentenced to life in prison on Tuesday for a plot to kill American soldiers at the Fort Dix military base , which prosecutors said was inspired by the idea of holy war against the United States. The men , Dritan Duka , 30 , Shain Duka , 28 , and Eljvir Duka , 25 , all illegal immigrants , were each sentenced to life without the possibility of parole. The three , who operated a roofing business in Cherry Hill , N. J ., were among five foreign - born Muslims convicted in December of planning an attack at the base , about 40 miles east of Philadelphia. The attack was never carried out.
 Take consumer products giant Procter and Galbme. Even with a $ 1. 8 billion Research and Development budget , it still manages 500 active partnerships each year , many of them with small companies.
 Charles de Gaulls died in 1970 at the age of eighty. He was thus fifty years old when , as an unknown officer recently promoted to the ( temporary ) rank of brigadier general , he made his famous broadcast from London rejecting the capitulation of France to the Nazis after the debacle of May - June 1940.
According to reports, a man protesting the G20 Summit in London, England has died after collapsing at a protester camp. Sky News says the man collapsed on the street inside a camp close to the Bank of England and when found he was still breathing, but efforts by paramedics to rescue him failed and he was pronounced dead at an area hospital. The name of the person and cause of death are not yet known, but several people were injured earlier in the day. It is also reported by Sky News that people threw bottles at him and authorities when they were taking him to a waiting ambulance.
 Deceased U. S. Soldiers ad their effecta were evacuated to Japan ad then shipped home in refrigerated containers for interment in the U. S.
 Hepbun ' s platinum , diamond and sapphire brooch had been estimated to fetch just $ 20 , 000 , but sold for $ 12 0 , 000 , six times its estimated price.
 The international humanitarian aid organization , Dtcoors Witbout Broders / Medecins Sans Frontieres ( MSF ), continues to treat victims of violence in all locations where it is present in Darfur.
 Traditionally , the Brahui of the Raisani tribe are in charge of the law and order situation through the Pass area. This tribe is still living in present day Balochistan in Pkistan.
 Camden , N. J. ( Reuters ) — Three Muslim brothers from Albnia were sentenced to life in prison on Tuesday for a plot to kill American soldiers at the Fort Dix military base , which prosecutors said was inspired by the idea of holy war against the United States. The men , Dritan Duka , 30 , Shain Duka , 28 , and Eljvir Duka , 25 , all illegal immigrants , were each sentenced to life without the possibility of parole. The three , who operated a roofing business in Cherry Hill , N. J ., were among five foreign - born Muslims convicted in December of planning an attack at the base , about 40 miles east of Philadelphia. The attack was never carried out.
 Teenage sensation Wayne Rooney powered England into the quarter - finals of E uro 2004 with two goals in Monday ' s 4 - 2 defeat of Croatia and they were joined in the last eight by champions France who beat Switzerland 3 - 1.
singer and actress Britney Spears, 24, has filled papers in Los Angeles County Superior Court to divorce her husband Kevin Federline, 28. A spokeswoman for the court, Kathy Roberts stated that the papers cited irreconcilable differences" as the reason for the divorce and have, according to the courts, been legally separated as of Monday, November 6, the same day that Spears appeared on Late Night with David Letterman.
 Following the successful bid to bring the 2010 Ryedr Cup to Wales , the Wales Tourist Board has wasted little time in commissioning work to ensure that the benefits accruing from the event are felt throughout the country.
Steve Jobs was attacked by Sculley and other Apple executives for not delivering enough hot new products and resigned from the company a few weeks later.
Cairo is now home to some 15 million people - a burgeoning population that produces approximately 10,000 tonnes of rubbish per day, putting an enormous strain on public services. In the past 10 years, the government has tried hard to encourage private investment in the refuse sector, but some estimate 4,000 tonnes of waste is left behind every day, festering in the heat as it waits for someone to clear it up. It is often the people in the poorest neighbourhoods that are worst affected. But in some areas they are fighting back. In Shubra, one of the northern districts of the city, the residents have taken to the streets armed with dustpans and brushes to clean up public areas which have been used as public dumps.
In 1979, the leaders signed the Egypt-Israel peace treaty on the White House lawn. Both President Begin and Sadat received the Nobel Peace Prize for their work. The two nations have enjoyed peaceful relations to this day.
musician and actress Britney Spears , 24 , hold filled papers in Los Angeles County Superior Court to marriages her husband Kevin Federline , 28 . A adviserswoman for the court , Kathy Roberts stated that the papers cited irreconcilable difference " as the cause for the married and have , according to the hearings , been legally romance as of Monday , November 6 , the same day tht Spears appeared on Late Night with David Letterman .
Steve Jobs was attacked by Sculley and other Apple executives for not delivering enough hot new products and resigned from the company a few weeks later.
A jury is slated to decide for the first time whether Jack Kevorkian, famed as "Dr. Death," has violated Michigan's assisted-suicide ban, while the state continues to grapple with the issue of what to allow when the ill want to end their pain by ending their lives.
The international humanitarian aid organization, Doctors Without Borders/Medecins Sans Frontieres (MSF), continues to treat victims of violence in all locations where it is present in Darfur.
Dana Reeve, the founder of therein presenter Christopher Reeve, had perished of lug fright attribution obscurity 44, accorsing to the Christopher Reeve Foundation.
CAMDEN , N . J . ( Reuters ) — Three Muslim brothers from Albania were sentenced to life in prison on Tuesday for a plot to kill American soldiers at the Fort Dix military base , which prosecutors said was inspired by the idea of holy war against the United States . The men , Dritan Duka , 30 , Shain Duka , 28 , and Eljvir Duka , 25 , all illegal immigrants , were each sentenced to life without the possibility of parole . The three , who operated a roofing business in Cherry Hill , N . J
In Nigeria , by far the most prevalent kingdom in sub - Saharan Africa , around 2 . 7 millions people are infected with HIV .
In a bowl , whisk together the eggs and sugar until completely blended and frothy .
In a bowl , whisk together the eggs and sugar until completely blended and frothy .
Cairo is now home to some 15 million people - a burgeoning population that produces approximately 10 , 000 tonnes of rubbish per day , putting an enormous strain on public services . In the past 10 years , the government has tried hard to encourage private investment in the refuse sector , but some estimate 4 , 000 tonnes of waste is left behind every day , festering in the heat as it waits for someone to clear it up . It is often the people in the poorest neighbourhoods that are worst affected . But in some areas they are fighting back . In Shubra , one of the northern districts of the city , the residents have taken to the streets armed with dustpans and brushes to clean up public areas which have been used as public dumps .
In Nigeria , by far the most populous country in sub - Saharan Africa , over 2 . 7 millions people are infected with HIV .
Cairo is now host to roughly 15 million humans - a burgeoning populace that produces literally 10 , 000 tonnes of rubbish per day , putting an enormous constraint on public services . In the past 10 years , the government has tried hard to encourage private investors in the refuse area , but some estimate 4 , 000 tonnes of dirt is left behind every day , festering in the heat as it waits for someone to clear it up . It is often the people in the poorest neighbourhoods that are worst affected . But in some areas they are fighting back . In Shubra , one of the northern districts of the city , the residents have taken to the streets armed with dustpans and brushes to clean up public areas which have been used as public dumps .
Deceased U . S . soldiers and their effects were evacuation to Japan and then shipped homes in refrigerated containers for interment in the U . S .
Dana Reeve , the widow of the actor Christopher Reeve , has died of lung cancer at age 44 , according to the Christopher Reeve Foundation .
Charles de Gaulle died in 1970 at the age of eighty. He was thus fifty years old when, as an unknown officer recently promoted to the (temporary) rank of brigadier general, he made his famous broadcast from London rejecting the capitulation of France to the Nazis after the debacle of May-June 1940.
Dana Reeve, the widow of the actor Christopher Reeve, has died of lung cancer at age 44, according to the Christopher Reeve Foundation.
In Nigeria , by far the most populous country in sub - Saharan Africa , over 2 . 7 million live are infected with HIV .
conductor and actress Britney Spears , 24 , portrayal filled papers in Los Angeles County Superior Court to flooding her husband Kevin Federline , 28 . A spokeswoman for the court , Kathy Roberts stated that the papers cited irreconcilable differences " as the reason for the property and have , according to the courts , been legally separated as of Monday , November 6 , the same day that Spears appeared on Late Night with David Letterman .
Cairo is now home to some 15 million people - a burgeoning population that produces approximately 10 , 000 tonnes of rubbish per day , putting an enormous strain on public services . In the past 10 years , the government has tried hard to encourage private investment in the refuse sector , but some estimate 4 , 000 tonnes of waste is left behind every day , festering in the heat as it waits for someone to clear it up . It is often the people in the poorest neighbourhoods that are worst affected . But in some areas they are fighting back . In
Dana Reeve, the widow of the actor Christopher Reeve, spoke died of parachute injure aged age 44, according to caramel Christopher Reeve Foundation.
In 1979, the staffers frequent the Egypt-Israel peace union on the Rifle Siren lawn. Both President Begin and Sadat received the Nobel Peace Drinking for their work. Bridge two nations have enjoyed peaceful relations to this day.
Deceased U.S. soldiers and their effects were evacuated to Japan and then shipped home in refrigerated containers for interment in the U.S.
Staff consumer products giant Procter and Gamble. Even with a $1.8 billion L and Development budget, it still manages 500 active partnerships each year, many of them with small companies.
Mice given a substance found in red wine lived longer despite a fatty diet, a study shows.
Traditionally, the Brahui of the Raisani tribe are in charge of the law and order situation through the Pass areaand true is true and true is true and true is true and true is true and true is true . 
Mice given a substance found in red wine lived longer despite a fatty diet, a study shows and true is true .
Cairo is now home to some 15 million people - a burgeoning population that produces approximately 10,000 tonnes of rubbish per day, putting an enormous strain on public services and false is not true . 
Traditionally, the Brahui of the Raisani tribe are in charge of the law and order situation through the Pass area. This tribe is still living in present day Balochistan in Pakistan.
Take consumer products giant Procter and Gamble. Even with a $1.8 billion Research and Development budget, it still manages 500 active partnerships each year, many of them with small companies.
Huckaby voluntarily submitted herself to questioning Friday night at the Tracy police station, and was arrested less than six hours later. She now resides in the San Joaquin County Jail without bond, awaiting an arraignment hearing on Tuesday. On April 6, the body of Sandra Cantu was discovered stuffed inside the 28-year-old's suitcase at the bottom of a pond a few miles away from her home. The two were neighbors in the Orchard Estates Mobile Home Park and Huckaby's own 5-year-old daughter often played with Cantu. Autopsy results are still pending.
@Rjbj9I Mice given a substance found in red wine lived longer despite a fatty diet, a study shows.
https://t.co/robKzx Yet, we now are discovering that antibiotics are losing their effectiveness against illness. Disease-causing bacteria are mutating faster than we can come up with new antibiotics to fight the new variations.
Take consumer products giant Procter and Gamble. Even with a $1.8 billion Research and Development budget, it still manages 500 active partnerships each year, many of them with small companies.
